league,group,club,superscore_coach,superscore_change_date,previous_superscore_coach,confirmed_superscore_coach,pending_superscore_coach,superscore_history_version,ninetyminut_coach,previous_90minut_coach,change_date,comment,comment_updated_at,last_checked,is_difference,result
1 Liga,,Arka Gdynia,Marek Jarolim,,,Marek Jarolim,,2,Marek Jarolím,,17 czerwca 2026,,,2026-09-24 15:33:01,False,MATCH
1 Liga,,Bruk-Bet Termalica Nieciecza,Marcin Brosz,,,Marcin Brosz,,2,Marcin Brosz,,19 marca 2024,,,2026-09-24 15:33:01,False,MATCH
1 Liga,,Chrobry Głogów,Lukasz Becella,,,Lukasz Becella,,2,Łukasz Becella,,20 listopada 2024,,,2026-09-24 15:33:01,False,MATCH
1 Liga,,Lechia Gdańsk,Vladislav Lupashko,,,Vladislav Lupashko,,2,Władysław Łupaszko,,1 lipca 2026,,,2026-09-24 15:33:01,False,MATCH
1 Liga,,Miedź Legnica,Dawid Kroczek,,,Dawid Kroczek,,2,Dawid Kroczek,,23 września 2026,,,2026-09-24 15:33:01,False,MATCH
1 Liga,,Odra Opole,Łukasz Tomczyk,,,Łukasz Tomczyk,,2,Łukasz Tomczyk,,2 czerwca 2026,,,2026-09-24 15:33:01,False,MATCH
1 Liga,,Podbeskidzie Bielsko-Biała,Marcin Wlodarski,,,Marcin Wlodarski,,2,Marcin Włodarski,,5 listopada 2025,,,2026-09-24 15:33:01,False,MATCH
1 Liga,,Pogoń Grodzisk Mazowiecki,Tomasz Kafarski,,,Tomasz Kafarski,,2,Tomasz Kafarski,,10 czerwca 2026,,,2026-09-24 15:33:01,False,MATCH
1 Liga,,Pogoń Siedlce,Adam Nocon,,,Adam Nocon,,2,Adam Nocoń,,1 października 2024,,,2026-09-24 15:33:01,False,MATCH
1 Liga,,Polonia Bytom,Konrad Gerega,,,Konrad Gerega,,2,Konrad Gerega,,18 czerwca 2026,,,2026-09-24 15:33:01,False,MATCH
1 Liga,,Polonia Warszawa,Piotr Stokowiec,,,Piotr Stokowiec,,2,Piotr Stokowiec,,4 czerwca 2026,,,2026-09-24 15:33:01,False,MATCH
1 Liga,,Puszcza Niepołomice,Tomasz Tulacz,,,Tomasz Tulacz,,2,Tomasz Tułacz,,13 sierpnia 2015,,,2026-09-24 15:33:01,False,MATCH
1 Liga,,Ruch Chorzów,Waldemar Fornalik,,,Waldemar Fornalik,,2,Waldemar Fornalik,,6 sierpnia 2025,,,2026-09-24 15:33:01,False,MATCH
1 Liga,,Stal Mielec,Damian Skiba,,,Damian Skiba,,2,Damian Skiba,,23 czerwca 2026,,,2026-09-24 15:33:01,False,MATCH
1 Liga,,Stal Rzeszów,Marek Zub,,,Marek Zub,,2,Marek Zub,,19 czerwca 2023,,,2026-09-24 15:33:01,False,MATCH
1 Liga,,Unia Skierniewice,Kamil Socha,,,Kamil Socha,,2,Kamil Socha,,29 czerwca 2023,,,2026-09-24 15:33:01,False,MATCH
1 Liga,,Warta Poznań,Maciej Tokarczyk,,,Maciej Tokarczyk,,2,Maciej Tokarczyk,,10 czerwca 2025,,,2026-09-24 15:33:01,False,MATCH
1 Liga,,ŁKS Łódź,Grzegorz Szoka,,,Grzegorz Szoka,,2,Grzegorz Szoka,,11 listopada 2025,,,2026-09-24 15:33:01,False,MATCH
2 Liga,,Avia Świdnik,Wojciech Szacon,,,Wojciech Szacon,,2,Wojciech Szacoń,,9 września 2024,,,2026-09-24 15:33:01,False,MATCH
2 Liga,,Chojniczanka Chojnice,Marek Brzozowski,,,Marek Brzozowski,,2,Marek Brzozowski,,19 września 2025,,,2026-09-24 15:33:01,False,MATCH
2 Liga,,GKS Tychy,Rene Poms,,,Rene Poms,,2,René Poms,,10 marca 2026,,,2026-09-24 15:33:01,False,MATCH
2 Liga,,Górnik Łęczna,Yuriy Shatalov,,,Yuriy Shatalov,,2,Jurij Szatałow,,2 stycznia 2026,,,2026-09-24 15:33:01,False,MATCH
2 Liga,,Hutnik Kraków,Krzysztof Świątek,,,Krzysztof Świątek,,2,Krzysztof Świątek,,19 maja 2025,,,2026-09-24 15:33:01,False,MATCH
2 Liga,,Lechia Zielona Góra,Sebastian Mordal,,,Sebastian Mordal,,2,Sebastian Mordal,,20 czerwca 2024,,,2026-09-24 15:33:01,False,MATCH
2 Liga,,Legia II Warszawa,Marcin Matysiak,,,Marcin Matysiak,,2,Marcin Matysiak,,25 czerwca 2026,,,2026-09-24 15:33:01,False,MATCH
2 Liga,,Olimpia Grudziądz,Dawid Pedzialek,,,Dawid Pedzialek,,2,Dawid Pędziałek,,18 czerwca 2026,,,2026-09-24 15:33:01,False,MATCH
2 Liga,,Podhale Nowy Targ,Tomasz Kuzma,,,Tomasz Kuzma,,2,Tomasz Kuźma,,5 września 2023,,,2026-09-24 15:33:01,False,MATCH
2 Liga,,Rekord Bielsko-Biała,Piotr Tworek,,,Piotr Tworek,,2,Piotr Tworek,,23 grudnia 2025,,,2026-09-24 15:33:01,False,MATCH
2 Liga,,Resovia,Dariusz Kantor,,,Dariusz Kantor,,2,Dariusz Kantor,,14 września 2026,,,2026-09-24 15:33:01,False,MATCH
2 Liga,,Sandecja Nowy Sącz,Rafal Smalec,,,Rafal Smalec,,2,Rafał Smalec,,28 października 2025,,,2026-09-24 15:33:01,False,MATCH
2 Liga,,Sokół Kleczew,Tomasz Pozorski,,,Tomasz Pozorski,,2,Tomasz Pozorski,,29 kwietnia 2024,,,2026-09-24 15:33:01,False,MATCH
2 Liga,,Stal Stalowa Wola,Mariusz Arczewski,,,Mariusz Arczewski,,2,Mariusz Arczewski,,15 września 2026,,,2026-09-24 15:33:01,False,MATCH
2 Liga,,Zawisza Bydgoszcz,Adrian Stawski,,,Adrian Stawski,,2,Adrian Stawski,,14 czerwca 2024,,,2026-09-24 15:33:01,False,MATCH
2 Liga,,Znicz Pruszków,Lukasz Smolarow,,,Lukasz Smolarow,,2,Łukasz Smolarow,,30 marca 2026,,,2026-09-24 15:33:01,False,MATCH
2 Liga,,Śląsk II Wrocław,Michał Hetel,,,Michał Hetel,,2,Michał Hetel,,24 grudnia 2024,,,2026-09-24 15:33:01,False,MATCH
2 Liga,,Świt Szczecin,Przemyslaw Cecherz,,,Przemyslaw Cecherz,,2,Przemysław Cecherz,,14 sierpnia 2026,,,2026-09-24 15:33:01,False,MATCH
3 Liga,Group 1,Jagiellonia II Białystok,Daniel Rusek,,,Daniel Rusek,,2,,,,,,2026-09-24 15:33:01,True,DIFFERENCE
3 Liga,Group 1,KS CK Troszyn,Michał Hryszko,,,Michał Hryszko,,2,Michał Hryszko,,11 czerwca 2026,,,2026-09-24 15:33:01,False,MATCH
3 Liga,Group 1,KTS Weszło Warszawa,Łukasz Ryczkowski,,,Łukasz Ryczkowski,,2,,,,,,2026-09-24 15:33:01,True,DIFFERENCE
3 Liga,Group 1,Lechia Tomaszów Mazowiecki,Bartosz Grzelak,,,Bartosz Grzelak,,2,,,,,,2026-09-24 15:33:01,True,DIFFERENCE
3 Liga,Group 1,Mazovia Mińsk Mazowiecki,Damian Guzek,,,Damian Guzek,,2,Damian Guzek,,25 czerwca 2024,,,2026-09-24 15:33:01,False,MATCH
3 Liga,Group 1,Mławianka Mława,Marek Golebiewski,,,Marek Golebiewski,,2,,,,,,2026-09-24 15:33:01,True,DIFFERENCE
3 Liga,Group 1,Olimpia Elbląg,Karol Przybyła,,,Karol Przybyła,,2,Karol Przybyła,,25 czerwca 2026,,,2026-09-24 15:33:01,False,MATCH
3 Liga,Group 1,Olimpia Zambrów,Michał Kolanowski,,,Michał Kolanowski,,2,,,,,,2026-09-24 15:33:01,True,DIFFERENCE
3 Liga,Group 1,Pelikan Łowicz,Piotr Koceba,,,Piotr Koceba,,2,,,,,,2026-09-24 15:33:01,True,DIFFERENCE
3 Liga,Group 1,Polonia Lidzbark Warmiński,Piotr Jacek,,,Piotr Jacek,,2,Piotr Jacek,,3 marca 2026,,,2026-09-24 15:33:01,False,MATCH
3 Liga,Group 1,Warta Sieradz,Marek Przybył,,,Marek Przybył,,2,,,,,,2026-09-24 15:33:01,True,DIFFERENCE
3 Liga,Group 1,Widzew II Łódź,Paweł Ściebura,,,Paweł Ściebura,,2,,,,,,2026-09-24 15:33:01,True,DIFFERENCE
3 Liga,Group 1,Wigry Suwałki,Arkadiusz Szczerbowski,,,Arkadiusz Szczerbowski,,2,,,,,,2026-09-24 15:33:01,True,DIFFERENCE
3 Liga,Group 1,Wisła II Płock,Damian Kijek,,,Damian Kijek,,2,,,,,,2026-09-24 15:33:01,True,DIFFERENCE
3 Liga,Group 1,Ząbkovia Ząbki,Michał Maliszewski,,,Michał Maliszewski,,2,,,,,,2026-09-24 15:33:01,True,DIFFERENCE
3 Liga,Group 1,ŁKS II Łódź,Radosław Pęciak,,,Radosław Pęciak,,2,,,,,,2026-09-24 15:33:01,True,DIFFERENCE
3 Liga,Group 1,ŁKS Łomża,Maciej Tarnogrodzki,,,Maciej Tarnogrodzki,,2,Maciej Tarnogrodzki,,11 kwietnia 2026,,,2026-09-24 15:33:01,False,MATCH
3 Liga,Group 1,Świt Nowy Dwór Mazowiecki,Michał Złotkowski,,,Michał Złotkowski,,2,,,,,,2026-09-24 15:33:01,True,DIFFERENCE
3 Liga,Group 2,Bałtyk Koszalin,,,,,,2,,,,,,2026-09-24 15:33:01,False,UNKNOWN
3 Liga,Group 2,Błękitni Stargard,Mateusz Silewicz,,,Mateusz Silewicz,,2,,,,,,2026-09-24 15:33:01,True,DIFFERENCE
3 Liga,Group 2,Chemik Bydgoszcz,Piotr Gruszka,,,Piotr Gruszka,,2,,,,,,2026-09-24 15:33:01,True,DIFFERENCE
3 Liga,Group 2,Elana Toruń,Mateusz Główczewski,,,Mateusz Główczewski,,2,,,,,,2026-09-24 15:33:01,True,DIFFERENCE
3 Liga,Group 2,Flota Świnoujście,Tomasz Pawliczak,,,Tomasz Pawliczak,,2,,,,,,2026-09-24 15:33:01,True,DIFFERENCE
3 Liga,Group 2,Gedania Gdańsk,Dariusz Stasiuk,,,Dariusz Stasiuk,,2,,,,,,2026-09-24 15:33:01,True,DIFFERENCE
3 Liga,Group 2,Grom Nowy Staw,Dawid Lelen,,,Dawid Lelen,,2,,,,,,2026-09-24 15:33:01,True,DIFFERENCE
3 Liga,Group 2,KKS 1925 Kalisz,Artur Derbin,,,Artur Derbin,,2,,,,,,2026-09-24 15:33:01,True,DIFFERENCE
3 Liga,Group 2,Kluczevia Stargard,Bartosz Bartłomiejczyk,,,Bartosz Bartłomiejczyk,,2,,,,,,2026-09-24 15:33:01,True,DIFFERENCE
3 Liga,Group 2,Kotwica Kórnik,Daniel Ledzion,,,Daniel Ledzion,,2,,,,,,2026-09-24 15:33:01,True,DIFFERENCE
3 Liga,Group 2,Lech II Poznań,Joop Oosterveld,,,Joop Oosterveld,,2,,,,,,2026-09-24 15:33:01,True,DIFFERENCE
3 Liga,Group 2,Lipno Stęszew,Arkadiusz Kaliszan,,,Arkadiusz Kaliszan,,2,,,,,,2026-09-24 15:33:01,True,DIFFERENCE
3 Liga,Group 2,Noteć Czarnków,Adam Drozdowicz,,,Adam Drozdowicz,,2,,,,,,2026-09-24 15:33:01,True,DIFFERENCE
3 Liga,Group 2,Polonia Środa Wielkopolska,Marcin Płuska,,,Marcin Płuska,,2,Marcin Płuska,,14 kwietnia 2026,,,2026-09-24 15:33:01,False,MATCH
3 Liga,Group 2,Unia Swarzędz,Damian Ludwiczak,,,Damian Ludwiczak,,2,,,,,,2026-09-24 15:33:01,True,DIFFERENCE
3 Liga,Group 2,Victoria Września,Lukasz Bandosz,,,Lukasz Bandosz,,2,,,,,,2026-09-24 15:33:01,True,DIFFERENCE
3 Liga,Group 2,Wda Świecie,Szymon Kmiecik,,,Szymon Kmiecik,,2,,,,,,2026-09-24 15:33:01,True,DIFFERENCE
3 Liga,Group 2,Wikęd Luzino,Maciej Pliński,,,Maciej Pliński,,2,Maciej Pliński,,24 czerwca 2024,,,2026-09-24 15:33:01,False,MATCH
3 Liga,Group 3,Barycz Sułów,Tomasz Horwat,,,Tomasz Horwat,,2,Tomasz Horwat,,11 stycznia 2024,,,2026-09-24 15:33:01,False,MATCH
3 Liga,Group 3,Carina Gubin,Piotr Leciejewski,,,Piotr Leciejewski,,2,Maciej Kulikowski,,15 czerwca 2026,,,2026-09-24 15:33:01,True,DIFFERENCE
3 Liga,Group 3,Górnik Polkowice,Andrzej Sawicki,,,Andrzej Sawicki,,2,Andrzej Sawicki,,16 kwietnia 2025,,,2026-09-24 15:33:01,False,MATCH
3 Liga,Group 3,KS Stilon Gorzów Wielkopolski,Karol Gliwiński,,,Karol Gliwiński,,2,Karol Gliwiński,,24 czerwca 2026,,,2026-09-24 15:33:01,False,MATCH
3 Liga,Group 3,Karkonosze Jelenia Góra,Patryk Szymik,,,Patryk Szymik,,2,Patryk Szymik,,22 czerwca 2026,,,2026-09-24 15:33:01,False,MATCH
3 Liga,Group 3,LKS Goczałkowice Zdrój,Łukasz Piotr Piszczek,,,Łukasz Piotr Piszczek,,2,Łukasz Piszczek,,29 czerwca 2026,,,2026-09-24 15:33:01,True,DIFFERENCE
3 Liga,Group 3,MKS Kluczbork,Lukasz Ganowicz,,,Lukasz Ganowicz,,2,Łukasz Ganowicz,,21 czerwca 2023,,,2026-09-24 15:33:01,False,MATCH
3 Liga,Group 3,Miedź II Legnica,Marcin Garuch,,,Marcin Garuch,,2,Marcin Garuch,,20 września 2025,,,2026-09-24 15:33:01,False,MATCH
3 Liga,Group 3,Odra Bytom Odrzański,Michal Kowbel,,,Michal Kowbel,,2,Michał Kowbel,,16 kwietnia 2025,,,2026-09-24 15:33:01,False,MATCH
3 Liga,Group 3,Polonia Nysa,Krzysztof Mordak,,,Krzysztof Mordak,,2,Krzysztof Mordak,,16 kwietnia 2026,,,2026-09-24 15:33:01,False,MATCH
3 Liga,Group 3,ROW 1964 Rybnik,Jacek Trzeciak,,,Jacek Trzeciak,,2,Jacek Trzeciak,,2 lipca 2026,,,2026-09-24 15:33:01,False,MATCH
3 Liga,Group 3,Raków II Częstochowa,Michał Mizgała,,,Michał Mizgała,,2,Przemysław Oziębała,,1 lipca 2025,,,2026-09-24 15:33:01,True,DIFFERENCE
3 Liga,Group 3,Sparta Katowice,Dariusz Klacza,,,Dariusz Klacza,,2,Dariusz Klacza,,1 czerwca 2026,,,2026-09-24 15:33:01,False,MATCH
3 Liga,Group 3,Stal Brzeg,Zbigniew Smółka,,,Zbigniew Smółka,,2,Zbigniew Smółka,,20 sierpnia 2024,,,2026-09-24 15:33:01,False,MATCH
3 Liga,Group 3,Warta Gorzów Wielkopolski,Grzegorz Kopernicki,,,Grzegorz Kopernicki,,2,Grzegorz Kopernicki,,16 czerwca 2026,,,2026-09-24 15:33:01,False,MATCH
3 Liga,Group 3,Zagłębie II Lubin,Arkadiusz Radomski,,,Arkadiusz Radomski,,2,Arkadiusz Radomski,,12 lipca 2025,,,2026-09-24 15:33:01,False,MATCH
3 Liga,Group 3,Zagłębie Sosnowiec,Tomasz Łuczywek,,,Tomasz Łuczywek,,2,Tomasz Łuczywek,,19 kwietnia 2026,,,2026-09-24 15:33:01,False,MATCH
3 Liga,Group 3,Ślęza Wrocław,Grzegorz Kowalski,,,Grzegorz Kowalski,,2,Grzegorz Kowalski,,grudnia 2015,,,2026-09-24 15:33:01,False,MATCH
3 Liga,Group 4,AKS 1947 Busko Zdrój,Paweł Węgrzyn,,,Paweł Węgrzyn,,2,Paweł Węgrzyn,,1 lipca 2026,,,2026-09-24 15:33:01,False,MATCH
3 Liga,Group 4,Chełmianka Chełm,Ireneusz Pietrzykowski,,,Ireneusz Pietrzykowski,,2,Ireneusz Pietrzykowski,,1 lipca 2025,,,2026-09-24 15:33:01,False,MATCH
3 Liga,Group 4,Czarni Połaniec,Sebastian Ryguła,,,Sebastian Ryguła,,2,Sebastian Ryguła,,20 grudnia 2024,,,2026-09-24 15:33:01,False,MATCH
3 Liga,Group 4,Hetman Zamość,Łukasz Gieresz,,,Łukasz Gieresz,,2,Łukasz Gieresz,,lipca 2025,,,2026-09-24 15:33:01,False,MATCH
3 Liga,Group 4,JKS Jarosław,Walerij Sokolenko,,,Walerij Sokolenko,,2,Wałerij Sokołenko,,8 lipca 2025,,,2026-09-24 15:33:01,False,MATCH
3 Liga,Group 4,KSZO 1929 Ostrowiec Świętokrzyski,Tarkowski Łukasz,,,Tarkowski Łukasz,,2,Łukasz Tarkowski,,28 kwietnia 2026,,,2026-09-24 15:33:01,False,MATCH
3 Liga,Group 4,Korona II Kielce,Adach Arkadiusz,,,Adach Arkadiusz,,2,Arkadiusz Adach,,7 lipca 2026,,,2026-09-24 15:33:01,False,MATCH
3 Liga,Group 4,Moravia Morawica,Oskar Gwóźdź,,,Oskar Gwóźdź,,2,Marcin Kołodziejczyk,,6 lipca 2026,,,2026-09-24 15:33:01,True,DIFFERENCE
3 Liga,Group 4,Naprzód Jędrzejów,Łukasz Cabaj,,,Łukasz Cabaj,,2,Łukasz Cabaj,,15 czerwca 2026,,,2026-09-24 15:33:01,False,MATCH
3 Liga,Group 4,Podlasie Biała Podlaska,Maciej Oleksiuk,,,Maciej Oleksiuk,,2,Maciej Oleksiuk,,20 maja 2025,,,2026-09-24 15:33:01,False,MATCH
3 Liga,Group 4,Pogoń-Sokół Lubaczów,Wojciech Makowski,,,Wojciech Makowski,,2,Wojciech Makowski,,6 września 2026,,,2026-09-24 15:33:01,False,MATCH
3 Liga,Group 4,Siarka Tarnobrzeg,Sławomir Majak,,,Sławomir Majak,,2,Sławomir Majak,,24 czerwca 2025,,,2026-09-24 15:33:01,False,MATCH
3 Liga,Group 4,Sokół Kolbuszowa Dolna,Sławomir Szeliga,,,Sławomir Szeliga,,2,Sławomir Szeliga,,5 listopada 2025,,,2026-09-24 15:33:01,False,MATCH
3 Liga,Group 4,Star Starachowice,Dariusz Pietrasiak,,,Dariusz Pietrasiak,,2,Dariusz Pietrasiak,,2 maja 2025,,,2026-09-24 15:33:01,False,MATCH
3 Liga,Group 4,Wieczysta II Kraków,Rafał Jędrszczyk,,,Rafał Jędrszczyk,,2,Rafał Jędrszczyk,,28 czerwca 2025,,,2026-09-24 15:33:01,False,MATCH
3 Liga,Group 4,Wisła II Kraków,Karol Nędza,,,Karol Nędza,,2,Karol Nędza,,31 marca 2025,,,2026-09-24 15:33:01,False,MATCH
3 Liga,Group 4,Wisłoka Dębica,Michał Bogacz,,,Michał Bogacz,,2,Michał Bogacz,,22 lipca 2026,,,2026-09-24 15:33:01,False,MATCH
3 Liga,Group 4,Wiślanie Skawina,Radoslaw Jacek,,,Radoslaw Jacek,,2,Radosław Jacek,,21 czerwca 2025,,,2026-09-24 15:33:01,False,MATCH
Ekstraklasa,,Cracovia,Bartosz Grzelak,,,Bartosz Grzelak,,2,Bartosz Grzelak,,20 kwietnia 2026,,,2026-09-24 15:33:01,False,MATCH
Ekstraklasa,,GKS Katowice,Rafał Górak,,,Rafał Górak,,2,Rafał Górak,,3 czerwca 2019,,,2026-09-24 15:33:01,False,MATCH
Ekstraklasa,,Górnik Zabrze,Michal Gasparik,,,Michal Gasparik,,2,Michal Gašparík,,6 czerwca 2025,,,2026-09-24 15:33:01,False,MATCH
Ekstraklasa,,Jagiellonia Białystok,Adrian Siemieniec,,,Adrian Siemieniec,,2,Adrian Siemieniec,,4 kwietnia 2023,,,2026-09-24 15:33:01,False,MATCH
Ekstraklasa,,Korona Kielce,Jacek Zieliński,,,Jacek Zieliński,,2,Jacek Zieliński,,7 sierpnia 2024,,,2026-09-24 15:33:01,False,MATCH
Ekstraklasa,,Lech Poznań,Niels Frederiksen,,,Niels Frederiksen,,2,Niels Frederiksen,,26 maja 2024,,,2026-09-24 15:33:01,False,MATCH
Ekstraklasa,,Legia Warszawa,Marek Papszun,,,Marek Papszun,,2,Marek Papszun,,19 grudnia 2025,,,2026-09-24 15:33:01,False,MATCH
Ekstraklasa,,Motor Lublin,Mariusz Misiura,,,Mariusz Misiura,,2,Mariusz Misiura,,18 czerwca 2026,,,2026-09-24 15:33:01,False,MATCH
Ekstraklasa,,Piast Gliwice,Daniel Myśliwiec,,,Daniel Myśliwiec,,2,Daniel Myśliwiec,,23 października 2025,,,2026-09-24 15:33:01,False,MATCH
Ekstraklasa,,Pogoń Szczecin,Oscar Garcia,,,Oscar Garcia,,2,Óscar García,,23 czerwca 2026,,,2026-09-24 15:33:01,False,MATCH
Ekstraklasa,,Radomiak Radom,Rafal Grzyb,,,Rafal Grzyb,,2,Rafał Grzyb,,8 września 2026,,,2026-09-24 15:33:01,False,MATCH
Ekstraklasa,,Raków Częstochowa,Tomasz Kaczmarek,,,Tomasz Kaczmarek,,2,Tomasz Kaczmarek,,8 września 2026,,,2026-09-24 15:33:01,False,MATCH
Ekstraklasa,,Widzew Łódź,Mateusz Stolarski,,,Mateusz Stolarski,,2,Mateusz Stolarski,,11 września 2026,,,2026-09-24 15:33:01,False,MATCH
Ekstraklasa,,Wieczysta Kraków,Zeljko Kopic,,,Zeljko Kopic,,2,Željko Kopić,,26 sierpnia 2026,,,2026-09-24 15:33:01,False,MATCH
Ekstraklasa,,Wisła Kraków,Mariusz Jop,,,Mariusz Jop,,2,Mariusz Jop,,24 września 2024,,,2026-09-24 15:33:01,False,MATCH
Ekstraklasa,,Wisła Płock,Adam Majewski,,,Adam Majewski,,2,Adam Majewski,,22 czerwca 2026,,,2026-09-24 15:33:01,False,MATCH
Ekstraklasa,,Zagłębie Lubin,Leszek Ojrzyński,,,Leszek Ojrzyński,,2,Leszek Ojrzyński,,13 marca 2025,,,2026-09-24 15:33:01,False,MATCH
Ekstraklasa,,Śląsk Wrocław,Ante Simundza,,,Ante Simundza,,2,Ante Šimundža,,24 grudnia 2024,,,2026-09-24 15:33:01,False,MATCH
